"(127, 181)","(144, 181)","(138, 74)","(140, 19)",,,,,,,,,,,,,,,,,,,,,,,,,,,,,,,,,,,,,,,,,,,,,,,,,,,,,,,,,,,,,,,,,,,,,,,,,,,,,,,,,
"(217, 140)","(99, 96)","(152, 117)","(201, 104)","(46, 38)",,,,,,,,,,,,,,,,,,,,,,,,,,,,,,,,,,,,,,,,,,,,,,,,,,,,,,,,,,,,,,,,,,,,,,,,,,,,,,,,
"(41, 171)","(149, 161)","(113, 157)","(6, 149)","(209, 135)","(36, 137)","(171, 81)","(96, 122)","(157, 128)","(5, 114)","(6, 85)","(75, 63)","(26, 35)","(66, 35)","(47, 28)","(145, 16)","(234, 7)","(7, 9)","(51, 5)","(171, 4)","(162, 3)",,,,,,,,,,,,,,,,,,,,,,,,,,,,,,,,,,,,,,,,,,,,,,,,,,,,,,,,,,,,,,,,
"(130, 152)","(70, 128)","(126, 138)","(56, 88)","(161, 80)","(99, 75)","(202, 73)","(225, 63)","(123, 47)","(72, 59)","(193, 54)","(196, 44)","(173, 19)",,,,,,,,,,,,,,,,,,,,,,,,,,,,,,,,,,,,,,,,,,,,,,,,,,,,,,,,,,,,,,,,,,,,,,,,
"(44, 180)","(177, 171)","(157, 155)","(225, 156)","(198, 153)","(262, 152)","(241, 148)","(113, 104)","(177, 141)","(148, 136)","(205, 134)","(94, 131)","(170, 131)","(209, 126)","(0, 80)","(20, 69)","(54, 75)","(76, 46)","(96, 51)","(136, 53)","(31, 49)","(114, 51)","(88, 32)","(102, 19)",,,,,,,,,,,,,,,,,,,,,,,,,,,,,,,,,,,,,,,,,,,,,,,,,,,,,,,,,,,,,
"(133, 101)","(167, 56)","(239, 43)","(10, 35)","(265, 24)","(236, 33)",,,,,,,,,,,,,,,,,,,,,,,,,,,,,,,,,,,,,,,,,,,,,,,,,,,,,,,,,,,,,,,,,,,,,,,,,,,,,,,
"(90, 175)","(192, 185)","(6, 170)","(260, 158)","(27, 153)","(108, 143)","(151, 128)","(8, 133)","(77, 134)","(107, 122)","(203, 124)","(176, 114)","(212, 118)","(91, 116)","(26, 105)","(128, 104)","(136, 97)","(7, 106)","(104, 98)","(93, 93)","(249, 81)","(1, 88)","(99, 82)","(151, 70)","(47, 65)","(60, 59)","(35, 56)","(105, 58)","(83, 38)","(256, 49)","(8, 43)","(107, 43)","(146, 43)","(58, 32)","(168, 34)","(149, 29)","(72, 8)","(45, 8)","(62, 4)","(88, 3)","(192, 3)","(267, 3)","(9, 2)",,,,,,,,,,,,,,,,,,,,,,,,,,,,,,,,,,,,,,,,,,
"(171, 121)","(138, 78)",,,,,,,,,,,,,,,,,,,,,,,,,,,,,,,,,,,,,,,,,,,,,,,,,,,,,,,,,,,,,,,,,,,,,,,,,,,,,,,,,,,
"(151, 181)","(140, 177)","(131, 149)","(76, 148)","(86, 147)","(256, 138)","(142, 126)","(237, 96)","(195, 121)","(208, 111)","(65, 94)","(148, 87)","(213, 58)","(72, 31)",,,,,,,,,,,,,,,,,,,,,,,,,,,,,,,,,,,,,,,,,,,,,,,,,,,,,,,,,,,,,,,,,,,,,,,
"(117, 184)","(154, 184)","(209, 185)","(101, 180)","(186, 178)","(71, 170)","(201, 172)","(215, 172)","(97, 167)","(116, 167)","(55, 168)","(34, 161)","(138, 161)","(238, 166)","(61, 164)","(231, 163)","(163, 158)","(243, 159)","(103, 155)","(216, 156)","(252, 155)","(68, 151)","(192, 150)","(228, 149)","(259, 147)","(66, 134)","(201, 130)","(183, 127)","(222, 132)","(249, 125)","(211, 120)","(159, 103)","(36, 120)","(236, 122)","(49, 116)","(30, 109)","(188, 110)","(258, 110)","(239, 108)","(246, 108)","(5, 105)","(223, 103)","(253, 105)","(59, 103)","(22, 101)","(237, 90)","(4, 100)","(1, 94)","(218, 92)","(14, 94)","(9, 87)","(25, 81)","(221, 79)","(258, 75)","(50, 74)","(160, 66)","(239, 60)","(164, 43)",,,,,,,,,,,,,,,,,,,,,,,,,,,
"(31, 181)","(93, 182)","(181, 183)","(257, 184)","(55, 168)","(140, 177)","(86, 171)","(266, 175)","(13, 173)","(69, 173)","(207, 169)","(144, 159)","(177, 151)","(14, 156)","(77, 152)","(115, 156)","(161, 152)","(267, 155)","(31, 151)","(136, 148)","(260, 143)","(202, 140)","(110, 136)","(133, 137)","(224, 136)","(93, 131)","(164, 118)","(120, 127)","(187, 126)","(53, 125)","(241, 124)","(85, 118)","(225, 115)","(188, 117)","(210, 98)","(8, 106)","(34, 107)","(61, 109)","(122, 98)","(251, 87)","(188, 94)","(246, 107)","(233, 95)","(57, 95)","(69, 92)","(95, 93)","(165, 80)","(81, 85)","(36, 80)","(59, 84)","(103, 81)","(131, 78)","(24, 78)","(122, 78)","(54, 74)","(83, 74)","(144, 61)","(74, 70)","(192, 69)","(111, 69)","(98, 64)","(125, 66)","(12, 62)","(28, 58)","(117, 60)","(77, 47)","(127, 50)","(159, 53)","(181, 50)","(215, 54)","(241, 52)","(59, 50)","(153, 48)","(259, 48)","(2, 44)","(49, 43)","(157, 34)","(27, 38)","(97, 35)","(36, 30)","(136, 30)",,,,
"(256, 184)","(200, 177)","(239, 152)","(48, 112)","(175, 115)","(157, 109)","(121, 98)","(93, 90)","(69, 78)","(167, 74)","(115, 63)","(92, 44)","(64, 34)","(154, 9)",,,,,,,,,,,,,,,,,,,,,,,,,,,,,,,,,,,,,,,,,,,,,,,,,,,,,,,,,,,,,,,,,,,,,,,
"(128, 107)","(267, 107)","(267, 99)","(79, 93)","(169, 51)","(262, 39)","(93, 43)","(49, 32)","(108, 29)","(27, 29)","(123, 29)","(151, 27)","(202, 23)","(49, 20)","(75, 11)","(118, 18)","(28, 17)","(257, 8)",,,,,,,,,,,,,,,,,,,,,,,,,,,,,,,,,,,,,,,,,,,,,,,,,,,,,,,,,,,,,,,,,,,
"(94, 181)","(80, 154)","(112, 145)","(122, 117)","(137, 76)","(79, 73)","(127, 32)","(146, 32)",,,,,,,,,,,,,,,,,,,,,,,,,,,,,,,,,,,,,,,,,,,,,,,,,,,,,,,,,,,,,,,,,,,,,,,,,,,,,
"(12, 150)","(60, 103)","(48, 64)","(64, 61)","(84, 60)","(38, 30)","(34, 9)",,,,,,,,,,,,,,,,,,,,,,,,,,,,,,,,,,,,,,,,,,,,,,,,,,,,,,,,,,,,,,,,,,,,,,,,,,,,,,
"(225, 183)","(166, 155)","(224, 138)","(237, 133)","(176, 134)","(145, 80)","(160, 76)","(174, 64)","(62, 64)","(44, 63)","(3, 52)","(63, 43)","(138, 34)","(49, 23)","(18, 7)",,,,,,,,,,,,,,,,,,,,,,,,,,,,,,,,,,,,,,,,,,,,,,,,,,,,,,,,,,,,,,,,,,,,,,
"(157, 176)","(129, 136)","(249, 130)","(148, 123)","(177, 117)","(116, 110)","(122, 93)","(65, 94)","(88, 88)","(75, 73)","(130, 71)","(170, 65)","(222, 65)","(42, 58)","(121, 59)","(62, 56)","(84, 8)",,,,,,,,,,,,,,,,,,,,,,,,,,,,,,,,,,,,,,,,,,,,,,,,,,,,,,,,,,,,,,,,,,,,
"(122, 97)","(59, 81)","(76, 55)","(184, 56)","(3, 15)",,,,,,,,,,,,,,,,,,,,,,,,,,,,,,,,,,,,,,,,,,,,,,,,,,,,,,,,,,,,,,,,,,,,,,,,,,,,,,,,
"(137, 185)","(266, 183)","(127, 181)","(148, 128)","(2, 88)","(79, 73)","(233, 73)","(184, 37)",,,,,,,,,,,,,,,,,,,,,,,,,,,,,,,,,,,,,,,,,,,,,,,,,,,,,,,,,,,,,,,,,,,,,,,,,,,,,
"(146, 184)","(163, 185)","(259, 158)","(137, 139)","(91, 105)","(137, 104)","(181, 94)","(69, 49)","(267, 6)",,,,,,,,,,,,,,,,,,,,,,,,,,,,,,,,,,,,,,,,,,,,,,,,,,,,,,,,,,,,,,,,,,,,,,,,,,,,
"(16, 177)","(163, 154)","(215, 178)","(65, 172)","(126, 172)","(101, 169)","(189, 161)","(112, 158)","(56, 158)","(28, 150)","(114, 112)","(211, 140)","(13, 140)","(30, 138)","(6, 123)","(163, 112)","(36, 112)","(184, 113)","(207, 113)","(1, 111)","(79, 107)","(76, 92)","(1, 93)","(130, 92)","(167, 78)","(57, 82)","(244, 79)","(95, 64)","(262, 77)","(216, 65)","(83, 75)","(2, 63)","(235, 66)","(170, 62)","(143, 60)","(252, 60)","(217, 35)","(116, 45)","(188, 40)","(79, 44)","(157, 35)","(243, 45)","(257, 37)","(162, 43)","(146, 30)","(170, 37)","(109, 31)","(131, 31)","(244, 27)","(174, 30)","(183, 28)","(74, 26)","(262, 23)","(180, 19)","(75, 16)","(157, 13)","(172, 16)","(131, 10)","(167, 12)",,,,,,,,,,,,,,,,,,,,,,,,,,
"(261, 170)","(206, 174)","(86, 169)","(155, 170)","(147, 150)","(197, 145)","(230, 124)","(86, 112)","(238, 114)","(226, 108)","(230, 101)","(186, 91)","(225, 89)","(76, 82)","(180, 83)","(195, 81)","(163, 80)","(47, 72)","(232, 75)","(172, 73)","(3, 66)","(186, 69)","(147, 66)","(104, 63)","(207, 60)","(223, 59)","(157, 47)","(88, 43)",,,,,,,,,,,,,,,,,,,,,,,,,,,,,,,,,,,,,,,,,,,,,,,,,,,,,,,,,
"(3, 181)","(9, 120)","(264, 105)","(176, 67)","(90, 35)",,,,,,,,,,,,,,,,,,,,,,,,,,,,,,,,,,,,,,,,,,,,,,,,,,,,,,,,,,,,,,,,,,,,,,,,,,,,,,,,
"(35, 182)","(190, 183)","(257, 181)","(46, 181)","(124, 181)","(140, 166)","(21, 171)","(112, 167)","(68, 155)","(115, 147)","(166, 141)","(151, 136)","(79, 131)","(206, 136)","(63, 132)","(170, 120)","(4, 107)","(241, 108)","(124, 94)","(189, 87)","(261, 78)","(75, 81)","(128, 58)","(237, 65)","(244, 46)","(264, 34)","(261, 3)",,,,,,,,,,,,,,,,,,,,,,,,,,,,,,,,,,,,,,,,,,,,,,,,,,,,,,,,,,
"(94, 182)","(196, 184)","(240, 152)","(192, 178)","(178, 175)","(24, 170)","(163, 161)","(190, 169)","(221, 167)","(91, 161)","(134, 158)","(266, 158)","(21, 158)","(67, 146)","(10, 151)","(205, 154)","(213, 146)","(122, 137)","(168, 137)","(142, 136)","(265, 135)","(8, 131)","(63, 131)","(256, 133)","(78, 122)","(53, 121)","(218, 121)","(29, 115)","(128, 114)","(161, 113)","(226, 103)","(62, 110)","(91, 101)","(251, 96)","(133, 86)","(164, 91)","(61, 92)","(259, 75)","(218, 81)","(39, 79)","(16, 78)","(177, 81)","(55, 75)","(164, 75)","(66, 61)","(218, 64)","(234, 61)","(157, 56)","(141, 48)","(175, 49)","(232, 40)","(69, 12)",,,,,,,,,,,,,,,,,,,,,,,,,,,,,,,,,
"(198, 158)","(198, 134)","(234, 115)","(51, 113)","(227, 101)","(137, 77)","(67, 71)","(267, 68)","(92, 59)",,,,,,,,,,,,,,,,,,,,,,,,,,,,,,,,,,,,,,,,,,,,,,,,,,,,,,,,,,,,,,,,,,,,,,,,,,,,
"(84, 164)","(200, 120)","(228, 100)","(210, 98)","(205, 88)","(127, 50)","(100, 43)",,,,,,,,,,,,,,,,,,,,,,,,,,,,,,,,,,,,,,,,,,,,,,,,,,,,,,,,,,,,,,,,,,,,,,,,,,,,,,
"(205, 161)","(105, 75)","(23, 100)","(50, 100)","(37, 96)","(176, 82)",,,,,,,,,,,,,,,,,,,,,,,,,,,,,,,,,,,,,,,,,,,,,,,,,,,,,,,,,,,,,,,,,,,,,,,,,,,,,,,
"(160, 99)","(49, 16)",,,,,,,,,,,,,,,,,,,,,,,,,,,,,,,,,,,,,,,,,,,,,,,,,,,,,,,,,,,,,,,,,,,,,,,,,,,,,,,,,,,
"(178, 126)","(141, 111)","(178, 110)",,,,,,,,,,,,,,,,,,,,,,,,,,,,,,,,,,,,,,,,,,,,,,,,,,,,,,,,,,,,,,,,,,,,,,,,,,,,,,,,,,
"(31, 152)","(56, 123)","(202, 125)","(233, 110)","(266, 113)","(253, 110)","(121, 98)","(84, 89)","(106, 83)","(119, 87)","(69, 81)","(163, 70)","(79, 73)","(88, 59)","(90, 31)","(159, 20)","(158, 11)","(193, 9)",,,,,,,,,,,,,,,,,,,,,,,,,,,,,,,,,,,,,,,,,,,,,,,,,,,,,,,,,,,,,,,,,,,
"(106, 167)","(136, 171)","(122, 166)","(56, 146)","(247, 125)","(73, 121)","(152, 116)","(262, 110)","(109, 101)","(186, 106)","(137, 98)","(164, 101)","(208, 99)","(230, 86)","(184, 71)","(149, 45)","(187, 44)","(135, 39)","(231, 27)","(264, 24)","(166, 25)","(212, 23)","(205, 22)",,,,,,,,,,,,,,,,,,,,,,,,,,,,,,,,,,,,,,,,,,,,,,,,,,,,,,,,,,,,,,
"(152, 183)","(156, 170)","(114, 142)","(190, 159)","(41, 114)","(259, 129)","(74, 126)","(187, 122)","(86, 122)","(201, 116)","(170, 111)","(125, 86)","(174, 96)","(79, 58)","(218, 90)","(250, 72)","(192, 78)","(218, 69)","(224, 60)","(114, 53)","(159, 48)","(241, 23)","(182, 21)","(5, 9)","(16, 5)","(118, 5)","(164, 4)","(133, 3)",,,,,,,,,,,,,,,,,,,,,,,,,,,,,,,,,,,,,,,,,,,,,,,,,,,,,,,,,
"(8, 183)","(74, 185)","(236, 182)","(31, 178)","(20, 174)","(37, 166)","(214, 173)","(226, 169)","(153, 165)","(14, 163)","(22, 158)","(85, 157)","(140, 152)","(232, 150)","(193, 150)","(177, 149)","(39, 150)","(214, 147)","(21, 147)","(113, 147)","(127, 137)","(66, 131)","(139, 131)","(91, 128)","(55, 116)","(193, 116)","(146, 114)","(154, 114)","(81, 111)","(95, 111)","(119, 104)","(184, 108)","(1, 102)","(132, 105)","(167, 102)","(45, 99)","(63, 91)","(126, 89)","(143, 89)","(26, 82)","(113, 83)","(226, 76)","(6, 74)","(41, 67)","(101, 72)","(131, 70)","(190, 70)","(206, 73)","(176, 68)","(244, 67)","(212, 65)","(100, 57)","(234, 59)","(5, 52)","(67, 57)","(85, 57)","(123, 54)","(24, 49)","(171, 48)","(75, 44)","(104, 44)","(216, 43)","(35, 34)","(127, 38)","(147, 39)","(208, 38)","(20, 35)","(177, 37)","(197, 34)","(219, 34)","(6, 32)","(77, 31)","(145, 30)","(160, 30)","(98, 24)","(25, 23)","(53, 20)","(159, 20)","(107, 15)","(120, 14)","(267, 14)","(200, 11)","(150, 8)","(119, 3)","(77, 2)"
"(55, 147)","(30, 139)","(45, 139)","(56, 120)","(93, 107)","(88, 116)","(196, 87)","(134, 93)","(56, 51)","(101, 36)","(168, 32)","(78, 22)","(121, 14)","(232, 9)","(196, 11)",,,,,,,,,,,,,,,,,,,,,,,,,,,,,,,,,,,,,,,,,,,,,,,,,,,,,,,,,,,,,,,,,,,,,,
"(122, 97)","(52, 81)","(70, 55)","(190, 56)",,,,,,,,,,,,,,,,,,,,,,,,,,,,,,,,,,,,,,,,,,,,,,,,,,,,,,,,,,,,,,,,,,,,,,,,,,,,,,,,,
"(142, 99)","(8, 26)","(13, 15)",,,,,,,,,,,,,,,,,,,,,,,,,,,,,,,,,,,,,,,,,,,,,,,,,,,,,,,,,,,,,,,,,,,,,,,,,,,,,,,,,,
"(42, 147)","(11, 139)","(30, 139)","(43, 121)","(86, 107)","(206, 87)","(133, 93)","(43, 51)","(120, 38)","(96, 35)","(174, 33)","(69, 22)","(119, 14)","(249, 9)","(207, 11)",,,,,,,,,,,,,,,,,,,,,,,,,,,,,,,,,,,,,,,,,,,,,,,,,,,,,,,,,,,,,,,,,,,,,,
"(96, 168)","(129, 171)","(113, 166)","(102, 160)","(44, 148)","(248, 125)","(66, 121)","(58, 119)","(146, 115)","(264, 110)","(100, 101)","(182, 105)","(158, 101)","(130, 97)","(205, 99)","(230, 85)","(181, 71)","(185, 44)","(144, 46)","(128, 39)","(231, 26)","(265, 24)","(161, 24)","(209, 23)",,,,,,,,,,,,,,,,,,,,,,,,,,,,,,,,,,,,,,,,,,,,,,,,,,,,,,,,,,,,,
"(201, 158)","(200, 134)","(238, 115)","(232, 100)","(137, 77)","(65, 71)","(89, 59)",,,,,,,,,,,,,,,,,,,,,,,,,,,,,,,,,,,,,,,,,,,,,,,,,,,,,,,,,,,,,,,,,,,,,,,,,,,,,,
"(23, 183)","(72, 177)","(11, 172)","(69, 168)","(4, 144)","(132, 142)","(69, 133)","(80, 128)","(90, 113)","(40, 95)","(16, 98)","(70, 71)","(82, 55)","(72, 44)",,,,,,,,,,,,,,,,,,,,,,,,,,,,,,,,,,,,,,,,,,,,,,,,,,,,,,,,,,,,,,,,,,,,,,,
"(20, 182)","(184, 183)","(257, 181)","(115, 181)","(132, 165)","(5, 171)","(102, 167)","(56, 155)","(105, 147)","(159, 141)","(144, 136)","(68, 131)","(201, 136)","(50, 132)","(163, 120)","(239, 109)","(115, 93)","(184, 87)","(63, 81)","(261, 78)","(113, 63)","(130, 49)","(242, 46)","(264, 34)","(261, 3)",,,,,,,,,,,,,,,,,,,,,,,,,,,,,,,,,,,,,,,,,,,,,,,,,,,,,,,,,,,,
"(23, 152)","(51, 123)","(206, 125)","(240, 123)","(235, 113)","(245, 107)","(120, 98)","(80, 90)","(105, 84)","(75, 74)","(164, 70)","(84, 60)","(87, 32)","(158, 21)","(169, 19)","(157, 13)","(197, 9)",,,,,,,,,,,,,,,,,,,,,,,,,,,,,,,,,,,,,,,,,,,,,,,,,,,,,,,,,,,,,,,,,,,,
"(210, 177)","(252, 152)","(51, 112)","(184, 115)","(165, 110)","(127, 98)","(98, 90)","(72, 78)","(176, 74)","(121, 63)","(68, 34)","(162, 9)",,,,,,,,,,,,,,,,,,,,,,,,,,,,,,,,,,,,,,,,,,,,,,,,,,,,,,,,,,,,,,,,,,,,,,,,,
"(11, 150)","(55, 103)","(19, 101)","(43, 64)","(58, 62)","(76, 61)","(35, 29)",,,,,,,,,,,,,,,,,,,,,,,,,,,,,,,,,,,,,,,,,,,,,,,,,,,,,,,,,,,,,,,,,,,,,,,,,,,,,,
,,,,,,,,,,,,,,,,,,,,,,,,,,,,,,,,,,,,,,,,,,,,,,,,,,,,,,,,,,,,,,,,,,,,,,,,,,,,,,,,,,,,
"(96, 178)","(139, 180)","(154, 120)","(231, 155)","(7, 154)","(70, 133)","(226, 122)","(69, 115)","(242, 109)","(29, 97)","(102, 58)","(201, 55)","(168, 76)",,,,,,,,,,,,,,,,,,,,,,,,,,,,,,,,,,,,,,,,,,,,,,,,,,,,,,,,,,,,,,,,,,,,,,,,
,,,,,,,,,,,,,,,,,,,,,,,,,,,,,,,,,,,,,,,,,,,,,,,,,,,,,,,,,,,,,,,,,,,,,,,,,,,,,,,,,,,,
"(167, 183)","(171, 169)","(124, 142)","(207, 159)","(45, 114)","(81, 126)","(204, 122)","(95, 122)","(221, 116)","(189, 101)","(137, 86)","(86, 57)","(238, 90)","(265, 74)","(210, 78)","(244, 62)","(125, 52)","(174, 48)","(256, 22)","(199, 21)","(6, 10)","(18, 6)","(129, 5)","(181, 4)","(145, 3)",,,,,,,,,,,,,,,,,,,,,,,,,,,,,,,,,,,,,,,,,,,,,,,,,,,,,,,,,,,,
"(89, 152)","(156, 155)","(123, 138)","(145, 130)","(121, 99)","(142, 90)","(57, 98)","(261, 85)","(156, 36)","(145, 19)","(87, 24)","(127, 9)",,,,,,,,,,,,,,,,,,,,,,,,,,,,,,,,,,,,,,,,,,,,,,,,,,,,,,,,,,,,,,,,,,,,,,,,,
,,,,,,,,,,,,,,,,,,,,,,,,,,,,,,,,,,,,,,,,,,,,,,,,,,,,,,,,,,,,,,,,,,,,,,,,,,,,,,,,,,,,
"(206, 163)","(1, 75)","(9, 74)","(226, 64)","(39, 46)","(253, 49)","(1, 42)","(149, 44)","(56, 34)","(139, 11)",,,,,,,,,,,,,,,,,,,,,,,,,,,,,,,,,,,,,,,,,,,,,,,,,,,,,,,,,,,,,,,,,,,,,,,,,,,
"(115, 150)","(242, 97)","(28, 103)","(169, 109)","(103, 35)",,,,,,,,,,,,,,,,,,,,,,,,,,,,,,,,,,,,,,,,,,,,,,,,,,,,,,,,,,,,,,,,,,,,,,,,,,,,,,,,
"(210, 157)","(187, 149)","(213, 141)","(65, 139)","(134, 141)","(232, 141)","(139, 136)","(199, 119)","(210, 117)","(193, 115)","(188, 105)","(179, 104)","(55, 99)","(228, 102)","(134, 90)","(99, 87)","(225, 86)","(157, 77)","(188, 75)","(112, 68)","(216, 67)",,,,,,,,,,,,,,,,,,,,,,,,,,,,,,,,,,,,,,,,,,,,,,,,,,,,,,,,,,,,,,,,
"(104, 75)","(23, 100)","(46, 100)","(176, 82)",,,,,,,,,,,,,,,,,,,,,,,,,,,,,,,,,,,,,,,,,,,,,,,,,,,,,,,,,,,,,,,,,,,,,,,,,,,,,,,,,
"(138, 96)",,,,,,,,,,,,,,,,,,,,,,,,,,,,,,,,,,,,,,,,,,,,,,,,,,,,,,,,,,,,,,,,,,,,,,,,,,,,,,,,,,,,
"(49, 183)","(85, 182)","(113, 184)","(138, 178)","(249, 183)","(17, 176)","(239, 182)","(262, 178)","(167, 177)","(98, 173)","(182, 174)","(230, 173)","(55, 168)","(201, 167)","(6, 166)","(244, 165)","(53, 147)","(218, 137)","(191, 139)","(265, 134)","(236, 145)","(163, 111)","(253, 133)","(20, 133)","(34, 126)","(12, 118)","(197, 119)","(58, 115)","(256, 117)","(238, 111)","(3, 109)","(254, 95)","(232, 98)","(22, 92)","(235, 83)","(5, 86)","(36, 78)","(164, 67)","(257, 60)","(169, 40)",,,,,,,,,,,,,,,,,,,,,,,,,,,,,,,,,,,,,,,,,,,,,
"(147, 148)","(100, 147)","(129, 122)","(154, 122)","(180, 111)","(77, 98)","(125, 95)","(211, 95)","(60, 88)","(152, 88)","(265, 10)",,,,,,,,,,,,,,,,,,,,,,,,,,,,,,,,,,,,,,,,,,,,,,,,,,,,,,,,,,,,,,,,,,,,,,,,,,
"(148, 126)","(78, 69)","(236, 70)",,,,,,,,,,,,,,,,,,,,,,,,,,,,,,,,,,,,,,,,,,,,,,,,,,,,,,,,,,,,,,,,,,,,,,,,,,,,,,,,,,
"(126, 171)","(127, 160)","(146, 154)","(94, 117)","(171, 139)","(6, 104)","(26, 80)","(62, 20)",,,,,,,,,,,,,,,,,,,,,,,,,,,,,,,,,,,,,,,,,,,,,,,,,,,,,,,,,,,,,,,,,,,,,,,,,,,,,
"(74, 181)","(134, 174)","(207, 158)","(62, 155)","(54, 150)","(70, 105)","(144, 69)","(239, 76)","(75, 50)","(253, 59)","(184, 46)","(210, 46)","(103, 41)","(240, 33)","(77, 27)","(29, 13)",,,,,,,,,,,,,,,,,,,,,,,,,,,,,,,,,,,,,,,,,,,,,,,,,,,,,,,,,,,,,,,,,,,,,
"(123, 65)","(117, 55)","(57, 53)","(201, 49)","(134, 37)","(206, 39)","(201, 31)","(137, 21)",,,,,,,,,,,,,,,,,,,,,,,,,,,,,,,,,,,,,,,,,,,,,,,,,,,,,,,,,,,,,,,,,,,,,,,,,,,,,
"(246, 135)","(201, 96)","(130, 98)","(94, 100)","(149, 102)","(106, 78)","(78, 85)","(64, 46)","(174, 28)","(145, 35)","(92, 12)",,,,,,,,,,,,,,,,,,,,,,,,,,,,,,,,,,,,,,,,,,,,,,,,,,,,,,,,,,,,,,,,,,,,,,,,,,
"(151, 184)","(199, 179)","(10, 166)","(76, 161)","(225, 150)","(18, 155)","(104, 132)","(8, 126)","(134, 118)","(229, 93)","(105, 88)","(128, 84)","(93, 61)","(145, 58)","(179, 65)","(55, 44)","(201, 23)","(157, 19)","(43, 3)",,,,,,,,,,,,,,,,,,,,,,,,,,,,,,,,,,,,,,,,,,,,,,,,,,,,,,,,,,,,,,,,,,
"(94, 147)","(44, 117)","(74, 109)","(74, 85)","(67, 76)","(82, 54)",,,,,,,,,,,,,,,,,,,,,,,,,,,,,,,,,,,,,,,,,,,,,,,,,,,,,,,,,,,,,,,,,,,,,,,,,,,,,,,
"(19, 176)","(99, 183)","(155, 107)","(42, 42)","(147, 7)","(51, 13)","(21, 6)",,,,,,,,,,,,,,,,,,,,,,,,,,,,,,,,,,,,,,,,,,,,,,,,,,,,,,,,,,,,,,,,,,,,,,,,,,,,,,
"(49, 161)","(186, 113)","(238, 108)","(22, 106)","(159, 99)","(210, 92)","(123, 92)","(176, 95)","(176, 86)","(115, 78)","(173, 74)","(217, 51)","(85, 36)","(227, 31)",,,,,,,,,,,,,,,,,,,,,,,,,,,,,,,,,,,,,,,,,,,,,,,,,,,,,,,,,,,,,,,,,,,,,,,
"(174, 182)","(205, 182)","(69, 180)","(266, 180)","(221, 167)","(244, 159)","(104, 152)","(222, 153)","(231, 152)","(141, 135)","(86, 131)","(181, 126)","(202, 134)","(225, 117)","(84, 115)","(219, 110)","(99, 105)","(208, 100)","(136, 102)","(230, 96)","(95, 97)","(43, 88)","(184, 90)","(208, 84)","(122, 78)","(100, 81)","(256, 79)","(107, 72)","(179, 70)","(250, 65)","(144, 66)","(104, 45)","(236, 62)","(156, 57)","(205, 56)","(137, 54)","(3, 48)","(244, 47)","(10, 46)","(47, 41)","(80, 35)","(261, 42)","(245, 34)","(145, 30)","(191, 21)","(103, 17)","(22, 13)","(173, 13)","(11, 11)","(181, 12)","(43, 9)",,,,,,,,,,,,,,,,,,,,,,,,,,,,,,,,,,
"(77, 171)","(52, 168)","(66, 171)","(207, 145)","(22, 132)","(193, 129)","(185, 103)","(63, 91)","(31, 76)","(153, 48)","(30, 55)","(22, 47)","(237, 48)","(70, 36)","(41, 28)","(30, 33)","(245, 27)",,,,,,,,,,,,,,,,,,,,,,,,,,,,,,,,,,,,,,,,,,,,,,,,,,,,,,,,,,,,,,,,,,,,
"(120, 122)","(80, 107)",,,,,,,,,,,,,,,,,,,,,,,,,,,,,,,,,,,,,,,,,,,,,,,,,,,,,,,,,,,,,,,,,,,,,,,,,,,,,,,,,,,
"(12, 184)","(108, 166)","(66, 156)","(134, 147)","(171, 148)","(152, 144)","(55, 130)","(155, 129)","(36, 113)","(167, 74)","(205, 123)","(126, 122)","(216, 120)","(46, 120)","(168, 108)","(203, 112)","(24, 106)","(229, 100)","(3, 92)","(238, 93)","(199, 92)","(37, 85)","(258, 79)","(9, 79)","(55, 76)","(267, 65)","(81, 59)","(257, 61)","(65, 54)","(55, 51)","(62, 35)","(48, 36)","(12, 33)","(3, 14)","(72, 7)",,,,,,,,,,,,,,,,,,,,,,,,,,,,,,,,,,,,,,,,,,,,,,,,,,
"(72, 181)","(173, 164)","(62, 155)","(249, 149)","(265, 146)","(52, 149)","(224, 140)","(69, 105)","(142, 69)","(235, 76)","(74, 50)","(187, 46)","(101, 41)","(235, 33)","(76, 27)","(28, 11)",,,,,,,,,,,,,,,,,,,,,,,,,,,,,,,,,,,,,,,,,,,,,,,,,,,,,,,,,,,,,,,,,,,,,
"(31, 171)","(99, 144)","(186, 156)","(192, 147)","(106, 154)","(26, 137)","(259, 139)","(204, 139)","(151, 122)","(210, 130)","(266, 129)","(201, 118)","(143, 110)","(188, 93)","(217, 88)","(149, 70)","(213, 77)","(118, 68)","(94, 40)",,,,,,,,,,,,,,,,,,,,,,,,,,,,,,,,,,,,,,,,,,,,,,,,,,,,,,,,,,,,,,,,,,
"(54, 183)","(95, 183)","(124, 184)","(151, 178)","(19, 177)","(265, 181)","(107, 173)","(183, 177)","(199, 174)","(252, 173)","(220, 167)","(60, 168)","(7, 167)","(267, 165)","(59, 147)","(239, 137)","(209, 139)","(258, 145)","(178, 111)","(22, 132)","(37, 126)","(11, 116)","(215, 119)","(63, 116)","(261, 110)","(254, 98)","(6, 86)","(257, 83)","(39, 77)","(180, 67)","(185, 40)",,,,,,,,,,,,,,,,,,,,,,,,,,,,,,,,,,,,,,,,,,,,,,,,,,,,,,
"(253, 176)","(265, 154)",,,,,,,,,,,,,,,,,,,,,,,,,,,,,,,,,,,,,,,,,,,,,,,,,,,,,,,,,,,,,,,,,,,,,,,,,,,,,,,,,,,
"(180, 167)","(78, 160)","(5, 132)","(177, 117)","(38, 114)","(99, 97)","(224, 39)","(67, 30)","(73, 13)",,,,,,,,,,,,,,,,,,,,,,,,,,,,,,,,,,,,,,,,,,,,,,,,,,,,,,,,,,,,,,,,,,,,,,,,,,,,
"(132, 165)","(193, 183)","(207, 171)","(206, 152)","(243, 146)","(258, 148)","(178, 125)","(153, 102)","(113, 53)","(188, 79)","(193, 74)","(235, 71)","(200, 51)","(258, 43)","(171, 47)","(250, 41)","(165, 30)","(186, 35)","(173, 25)","(244, 18)",,,,,,,,,,,,,,,,,,,,,,,,,,,,,,,,,,,,,,,,,,,,,,,,,,,,,,,,,,,,,,,,,
"(57, 159)","(36, 155)","(1, 145)","(43, 135)","(57, 124)","(108, 117)","(176, 112)","(260, 109)","(55, 104)","(189, 108)","(19, 101)","(201, 96)","(132, 98)","(81, 95)","(176, 84)","(73, 57)","(9, 59)","(251, 55)","(105, 46)","(117, 46)","(139, 35)","(191, 24)","(266, 28)","(20, 17)","(130, 12)","(237, 5)","(30, 2)",,,,,,,,,,,,,,,,,,,,,,,,,,,,,,,,,,,,,,,,,,,,,,,,,,,,,,,,,,
"(226, 164)","(182, 126)",,,,,,,,,,,,,,,,,,,,,,,,,,,,,,,,,,,,,,,,,,,,,,,,,,,,,,,,,,,,,,,,,,,,,,,,,,,,,,,,,,,
"(105, 149)","(93, 144)","(118, 136)","(113, 128)","(216, 126)","(166, 118)","(206, 119)","(74, 114)","(99, 111)","(127, 105)","(4, 107)","(218, 107)","(192, 105)","(95, 103)","(56, 101)","(37, 100)","(82, 98)","(76, 89)","(112, 90)","(144, 74)","(127, 93)","(176, 88)","(39, 85)","(201, 86)","(17, 85)","(90, 61)","(87, 82)","(210, 74)","(22, 79)","(188, 63)","(178, 76)","(172, 73)","(224, 68)","(213, 62)","(125, 60)","(165, 57)","(62, 57)","(199, 54)","(131, 46)","(65, 49)","(54, 43)","(80, 22)",,,,,,,,,,,,,,,,,,,,,,,,,,,,,,,,,,,,,,,,,,,
"(244, 152)","(248, 145)","(254, 133)","(251, 126)","(255, 115)","(248, 112)","(135, 54)","(131, 35)","(145, 16)",,,,,,,,,,,,,,,,,,,,,,,,,,,,,,,,,,,,,,,,,,,,,,,,,,,,,,,,,,,,,,,,,,,,,,,,,,,,
"(117, 119)","(158, 120)","(85, 103)",,,,,,,,,,,,,,,,,,,,,,,,,,,,,,,,,,,,,,,,,,,,,,,,,,,,,,,,,,,,,,,,,,,,,,,,,,,,,,,,,,
"(75, 179)","(128, 177)","(46, 166)","(126, 166)","(34, 161)","(45, 156)","(66, 155)","(28, 151)","(195, 148)","(176, 146)","(39, 147)","(52, 141)","(122, 138)","(176, 137)","(10, 131)","(32, 129)","(52, 123)","(59, 116)","(239, 117)","(257, 115)","(48, 114)","(195, 113)","(243, 112)","(237, 103)","(56, 106)","(248, 106)","(207, 102)","(133, 101)","(171, 99)","(267, 98)","(230, 91)","(196, 90)","(133, 85)","(170, 84)","(148, 64)","(114, 54)","(109, 43)",,,,,,,,,,,,,,,,,,,,,,,,,,,,,,,,,,,,,,,,,,,,,,,,
"(162, 98)","(65, 60)","(191, 71)",,,,,,,,,,,,,,,,,,,,,,,,,,,,,,,,,,,,,,,,,,,,,,,,,,,,,,,,,,,,,,,,,,,,,,,,,,,,,,,,,,
"(135, 101)",,,,,,,,,,,,,,,,,,,,,,,,,,,,,,,,,,,,,,,,,,,,,,,,,,,,,,,,,,,,,,,,,,,,,,,,,,,,,,,,,,,,
"(49, 185)","(9, 178)","(44, 177)","(4, 163)","(24, 146)","(9, 133)","(105, 133)","(208, 124)","(167, 121)","(201, 106)","(7, 106)","(142, 104)","(63, 100)","(171, 86)","(129, 80)","(203, 81)","(45, 78)","(3, 76)","(15, 67)","(180, 61)","(116, 14)","(152, 35)","(102, 28)","(10, 7)",,,,,,,,,,,,,,,,,,,,,,,,,,,,,,,,,,,,,,,,,,,,,,,,,,,,,,,,,,,,,
"(218, 135)","(184, 96)","(130, 98)","(102, 100)","(238, 103)","(112, 78)","(27, 87)","(90, 85)","(84, 39)","(163, 29)","(141, 35)",,,,,,,,,,,,,,,,,,,,,,,,,,,,,,,,,,,,,,,,,,,,,,,,,,,,,,,,,,,,,,,,,,,,,,,,,,
"(159, 185)","(182, 178)","(194, 182)","(142, 170)","(121, 163)","(235, 165)","(263, 160)","(251, 149)","(137, 130)","(3, 144)","(190, 109)","(258, 114)","(50, 105)","(203, 96)","(54, 82)","(106, 79)","(137, 76)","(149, 73)","(47, 70)","(201, 64)","(80, 43)","(201, 47)","(224, 45)","(111, 30)","(138, 8)",,,,,,,,,,,,,,,,,,,,,,,,,,,,,,,,,,,,,,,,,,,,,,,,,,,,,,,,,,,,
"(95, 156)","(149, 158)","(109, 99)","(219, 93)","(42, 87)","(199, 74)","(80, 61)","(56, 55)","(79, 36)","(88, 35)",,,,,,,,,,,,,,,,,,,,,,,,,,,,,,,,,,,,,,,,,,,,,,,,,,,,,,,,,,,,,,,,,,,,,,,,,,,
"(152, 129)",,,,,,,,,,,,,,,,,,,,,,,,,,,,,,,,,,,,,,,,,,,,,,,,,,,,,,,,,,,,,,,,,,,,,,,,,,,,,,,,,,,,
,,,,,,,,,,,,,,,,,,,,,,,,,,,,,,,,,,,,,,,,,,,,,,,,,,,,,,,,,,,,,,,,,,,,,,,,,,,,,,,,,,,,
"(48, 185)","(219, 183)","(259, 169)","(15, 145)","(87, 143)","(103, 141)","(165, 129)","(124, 123)","(157, 66)","(146, 61)","(175, 53)","(250, 58)","(85, 32)","(88, 43)","(128, 32)",,,,,,,,,,,,,,,,,,,,,,,,,,,,,,,,,,,,,,,,,,,,,,,,,,,,,,,,,,,,,,,,,,,,,,
"(157, 185)","(138, 176)","(175, 167)","(152, 160)","(115, 161)","(132, 143)","(162, 125)","(120, 119)","(138, 101)","(175, 95)","(103, 77)","(179, 67)","(125, 62)","(100, 65)","(163, 44)","(128, 35)","(173, 29)","(162, 9)",,,,,,,,,,,,,,,,,,,,,,,,,,,,,,,,,,,,,,,,,,,,,,,,,,,,,,,,,,,,,,,,,,,
"(75, 171)","(161, 157)","(99, 145)","(139, 107)","(59, 68)","(110, 34)",,,,,,,,,,,,,,,,,,,,,,,,,,,,,,,,,,,,,,,,,,,,,,,,,,,,,,,,,,,,,,,,,,,,,,,,,,,,,,,
"(19, 176)","(99, 183)","(155, 107)","(42, 42)","(147, 7)","(51, 13)","(21, 6)",,,,,,,,,,,,,,,,,,,,,,,,,,,,,,,,,,,,,,,,,,,,,,,,,,,,,,,,,,,,,,,,,,,,,,,,,,,,,,
"(248, 139)","(153, 112)","(232, 71)","(190, 18)","(177, 5)","(239, 3)",,,,,,,,,,,,,,,,,,,,,,,,,,,,,,,,,,,,,,,,,,,,,,,,,,,,,,,,,,,,,,,,,,,,,,,,,,,,,,,
"(48, 176)","(100, 130)","(151, 128)","(96, 118)","(133, 109)","(141, 98)","(131, 98)","(150, 85)","(164, 78)","(138, 69)","(119, 64)","(99, 57)","(89, 44)","(128, 41)","(94, 35)","(84, 26)","(246, 16)","(266, 16)",,,,,,,,,,,,,,,,,,,,,,,,,,,,,,,,,,,,,,,,,,,,,,,,,,,,,,,,,,,,,,,,,,,
"(19, 180)","(116, 183)","(243, 169)","(198, 153)","(261, 160)","(1, 151)","(226, 150)","(260, 145)","(240, 149)","(55, 130)","(74, 124)","(114, 128)","(3, 112)","(142, 118)","(261, 111)","(117, 118)","(94, 104)","(149, 111)","(129, 100)","(179, 100)","(8, 84)","(63, 77)","(192, 78)","(122, 79)","(31, 81)","(218, 71)","(108, 69)","(130, 68)","(179, 67)","(153, 59)","(99, 63)","(134, 61)","(176, 57)","(107, 61)","(219, 44)","(42, 41)","(194, 39)","(191, 17)","(216, 14)","(218, 9)",,,,,,,,,,,,,,,,,,,,,,,,,,,,,,,,,,,,,,,,,,,,,
"(70, 184)","(115, 184)","(138, 164)","(107, 81)","(168, 129)","(261, 95)","(206, 42)","(204, 7)","(135, 3)",,,,,,,,,,,,,,,,,,,,,,,,,,,,,,,,,,,,,,,,,,,,,,,,,,,,,,,,,,,,,,,,,,,,,,,,,,,,
"(122, 121)","(139, 86)",,,,,,,,,,,,,,,,,,,,,,,,,,,,,,,,,,,,,,,,,,,,,,,,,,,,,,,,,,,,,,,,,,,,,,,,,,,,,,,,,,,
"(263, 169)","(231, 143)","(127, 93)","(169, 119)","(41, 132)","(41, 96)","(223, 88)","(29, 43)",,,,,,,,,,,,,,,,,,,,,,,,,,,,,,,,,,,,,,,,,,,,,,,,,,,,,,,,,,,,,,,,,,,,,,,,,,,,,
"(196, 183)","(138, 164)","(209, 172)","(208, 152)","(244, 146)","(259, 148)","(182, 125)","(158, 101)","(120, 53)","(196, 75)","(237, 71)","(203, 51)","(258, 43)","(175, 45)","(189, 36)","(171, 29)","(245, 18)",,,,,,,,,,,,,,,,,,,,,,,,,,,,,,,,,,,,,,,,,,,,,,,,,,,,,,,,,,,,,,,,,,,,
"(19, 182)","(37, 171)","(101, 144)","(193, 149)","(182, 156)","(109, 154)","(33, 137)","(179, 142)","(249, 139)","(205, 130)","(149, 121)","(257, 128)","(196, 119)","(184, 93)","(211, 88)","(148, 71)","(208, 77)","(97, 40)",,,,,,,,,,,,,,,,,,,,,,,,,,,,,,,,,,,,,,,,,,,,,,,,,,,,,,,,,,,,,,,,,,,
"(164, 98)","(62, 60)","(195, 71)",,,,,,,,,,,,,,,,,,,,,,,,,,,,,,,,,,,,,,,,,,,,,,,,,,,,,,,,,,,,,,,,,,,,,,,,,,,,,,,,,,
"(92, 165)","(114, 148)","(173, 142)","(129, 124)","(45, 118)","(156, 101)","(72, 99)","(229, 83)","(134, 52)","(226, 59)",,,,,,,,,,,,,,,,,,,,,,,,,,,,,,,,,,,,,,,,,,,,,,,,,,,,,,,,,,,,,,,,,,,,,,,,,,,
"(221, 111)","(187, 104)","(82, 86)","(201, 75)","(142, 62)","(245, 82)","(163, 64)",,,,,,,,,,,,,,,,,,,,,,,,,,,,,,,,,,,,,,,,,,,,,,,,,,,,,,,,,,,,,,,,,,,,,,,,,,,,,,
"(132, 102)","(166, 56)","(239, 43)","(10, 35)","(265, 24)","(237, 31)",,,,,,,,,,,,,,,,,,,,,,,,,,,,,,,,,,,,,,,,,,,,,,,,,,,,,,,,,,,,,,,,,,,,,,,,,,,,,,,
"(81, 172)","(159, 157)","(101, 145)","(140, 108)","(124, 79)","(115, 83)","(66, 68)","(113, 35)","(4, 15)",,,,,,,,,,,,,,,,,,,,,,,,,,,,,,,,,,,,,,,,,,,,,,,,,,,,,,,,,,,,,,,,,,,,,,,,,,,,
"(50, 156)","(70, 159)","(58, 152)","(15, 146)","(1, 143)","(57, 136)","(71, 124)","(116, 117)","(254, 109)","(178, 112)","(191, 110)","(69, 104)","(35, 101)","(139, 98)","(201, 97)","(93, 95)","(179, 84)","(85, 57)","(26, 59)","(247, 55)","(265, 56)","(113, 46)","(125, 45)","(145, 35)","(193, 24)","(264, 28)","(36, 17)","(137, 12)","(234, 5)","(45, 2)","(59, 2)",,,,,,,,,,,,,,,,,,,,,,,,,,,,,,,,,,,,,,,,,,,,,,,,,,,,,,
"(135, 101)",,,,,,,,,,,,,,,,,,,,,,,,,,,,,,,,,,,,,,,,,,,,,,,,,,,,,,,,,,,,,,,,,,,,,,,,,,,,,,,,,,,,
"(136, 122)","(151, 85)",,,,,,,,,,,,,,,,,,,,,,,,,,,,,,,,,,,,,,,,,,,,,,,,,,,,,,,,,,,,,,,,,,,,,,,,,,,,,,,,,,,
"(10, 162)","(57, 150)","(130, 95)","(263, 90)","(230, 86)","(1, 54)","(256, 19)",,,,,,,,,,,,,,,,,,,,,,,,,,,,,,,,,,,,,,,,,,,,,,,,,,,,,,,,,,,,,,,,,,,,,,,,,,,,,,
"(75, 179)","(126, 177)","(174, 175)","(45, 166)","(126, 166)","(33, 161)","(45, 156)","(29, 151)","(194, 149)","(39, 147)","(176, 146)","(51, 141)","(121, 138)","(175, 137)","(10, 131)","(32, 129)","(18, 126)","(53, 123)","(59, 116)","(238, 116)","(257, 115)","(49, 114)","(196, 113)","(238, 103)","(56, 106)","(95, 108)","(249, 106)","(207, 102)","(133, 101)","(171, 98)","(230, 91)","(195, 89)","(133, 85)","(171, 84)","(149, 64)",,,,,,,,,,,,,,,,,,,,,,,,,,,,,,,,,,,,,,,,,,,,,,,,,,
"(181, 185)","(228, 176)","(180, 173)","(145, 165)","(139, 156)","(118, 153)","(104, 150)","(96, 140)","(193, 54)",,,,,,,,,,,,,,,,,,,,,,,,,,,,,,,,,,,,,,,,,,,,,,,,,,,,,,,,,,,,,,,,,,,,,,,,,,,,
"(75, 128)","(207, 109)","(243, 107)","(128, 105)","(134, 105)","(165, 97)","(175, 82)","(142, 66)","(225, 64)","(15, 59)","(39, 57)",,,,,,,,,,,,,,,,,,,,,,,,,,,,,,,,,,,,,,,,,,,,,,,,,,,,,,,,,,,,,,,,,,,,,,,,,,
"(183, 168)","(90, 160)","(19, 131)","(180, 117)","(53, 114)","(221, 116)","(223, 39)","(80, 30)","(85, 13)",,,,,,,,,,,,,,,,,,,,,,,,,,,,,,,,,,,,,,,,,,,,,,,,,,,,,,,,,,,,,,,,,,,,,,,,,,,,
,,,,,,,,,,,,,,,,,,,,,,,,,,,,,,,,,,,,,,,,,,,,,,,,,,,,,,,,,,,,,,,,,,,,,,,,,,,,,,,,,,,,
"(260, 170)","(38, 137)","(182, 126)","(236, 124)","(13, 121)","(36, 113)","(60, 110)","(212, 112)","(0, 109)","(233, 98)","(132, 98)","(133, 81)","(175, 90)","(225, 83)","(235, 75)","(229, 57)","(50, 49)","(239, 51)","(150, 39)","(240, 33)","(195, 27)","(240, 15)","(84, 9)","(201, 2)",,,,,,,,,,,,,,,,,,,,,,,,,,,,,,,,,,,,,,,,,,,,,,,,,,,,,,,,,,,,,
"(69, 163)","(0, 162)","(3, 154)","(92, 141)","(214, 137)","(119, 107)","(236, 115)","(257, 122)","(265, 112)","(177, 51)","(211, 91)","(248, 87)","(34, 94)","(77, 79)","(4, 68)","(259, 54)","(93, 54)","(64, 49)","(111, 27)","(144, 15)","(130, 14)","(232, 11)","(255, 12)","(12, 4)","(119, 3)",,,,,,,,,,,,,,,,,,,,,,,,,,,,,,,,,,,,,,,,,,,,,,,,,,,,,,,,,,,,
"(44, 184)","(218, 184)","(243, 181)","(219, 173)","(248, 174)","(251, 168)","(56, 162)","(62, 158)","(218, 157)","(12, 153)","(34, 151)","(251, 150)","(65, 149)","(23, 149)","(85, 146)","(91, 140)","(199, 140)","(180, 136)","(202, 135)","(225, 135)","(218, 126)","(238, 125)","(15, 114)","(66, 120)","(238, 118)","(29, 116)","(210, 117)","(250, 118)","(266, 118)","(196, 110)","(245, 112)","(75, 110)","(40, 108)","(241, 104)","(25, 100)","(74, 101)","(49, 98)","(245, 94)","(220, 88)","(80, 81)","(45, 77)","(202, 75)","(35, 70)","(67, 66)","(238, 58)","(211, 43)","(238, 41)","(23, 36)","(201, 37)","(187, 34)","(47, 28)","(60, 30)","(212, 17)",,,,,,,,,,,,,,,,,,,,,,,,,,,,,,,,
"(9, 173)","(58, 180)","(131, 183)","(228, 170)","(32, 155)","(242, 161)","(193, 154)","(215, 150)","(241, 146)","(3, 137)","(222, 146)","(85, 130)","(100, 124)","(129, 128)","(42, 112)","(151, 119)","(243, 111)","(133, 118)","(1, 109)","(114, 104)","(156, 111)","(141, 101)","(180, 101)","(46, 82)","(94, 88)","(189, 78)","(67, 80)","(136, 79)","(89, 71)","(155, 77)","(209, 71)","(125, 68)","(142, 68)","(179, 67)","(160, 58)","(124, 61)","(144, 61)","(177, 56)","(6, 45)","(210, 44)","(76, 40)","(190, 39)","(21, 14)","(188, 16)","(205, 13)","(208, 8)",,,,,,,,,,,,,,,,,,,,,,,,,,,,,,,,,,,,,,,
"(257, 163)","(220, 143)","(121, 93)","(161, 119)","(39, 132)","(39, 96)","(267, 108)","(212, 88)","(26, 43)",,,,,,,,,,,,,,,,,,,,,,,,,,,,,,,,,,,,,,,,,,,,,,,,,,,,,,,,,,,,,,,,,,,,,,,,,,,,
"(95, 165)","(115, 148)","(170, 142)","(100, 142)","(129, 125)","(53, 118)","(154, 101)","(77, 100)","(222, 83)","(134, 52)","(218, 59)","(31, 41)",,,,,,,,,,,,,,,,,,,,,,,,,,,,,,,,,,,,,,,,,,,,,,,,,,,,,,,,,,,,,,,,,,,,,,,,,
"(161, 98)","(69, 60)","(188, 70)",,,,,,,,,,,,,,,,,,,,,,,,,,,,,,,,,,,,,,,,,,,,,,,,,,,,,,,,,,,,,,,,,,,,,,,,,,,,,,,,,,
"(253, 67)",,,,,,,,,,,,,,,,,,,,,,,,,,,,,,,,,,,,,,,,,,,,,,,,,,,,,,,,,,,,,,,,,,,,,,,,,,,,,,,,,,,,
"(178, 181)","(156, 172)","(76, 170)","(209, 165)","(242, 155)","(106, 136)","(167, 125)","(136, 121)","(161, 79)","(172, 71)","(106, 54)","(138, 54)",,,,,,,,,,,,,,,,,,,,,,,,,,,,,,,,,,,,,,,,,,,,,,,,,,,,,,,,,,,,,,,,,,,,,,,,,
,,,,,,,,,,,,,,,,,,,,,,,,,,,,,,,,,,,,,,,,,,,,,,,,,,,,,,,,,,,,,,,,,,,,,,,,,,,,,,,,,,,,
"(46, 178)","(60, 156)","(151, 143)","(72, 136)","(92, 129)","(138, 127)","(64, 128)","(101, 126)","(10, 126)","(130, 118)","(89, 116)","(101, 114)","(33, 109)","(122, 107)","(130, 95)","(121, 96)","(138, 82)","(151, 75)","(128, 66)","(111, 62)","(92, 54)","(107, 53)","(83, 40)","(119, 36)","(88, 31)",,,,,,,,,,,,,,,,,,,,,,,,,,,,,,,,,,,,,,,,,,,,,,,,,,,,,,,,,,,,
"(179, 184)","(228, 176)","(180, 174)","(145, 165)","(139, 156)","(118, 153)","(104, 150)","(96, 140)",,,,,,,,,,,,,,,,,,,,,,,,,,,,,,,,,,,,,,,,,,,,,,,,,,,,,,,,,,,,,,,,,,,,,,,,,,,,,
"(133, 101)","(167, 56)","(239, 43)","(10, 35)","(265, 24)","(237, 31)",,,,,,,,,,,,,,,,,,,,,,,,,,,,,,,,,,,,,,,,,,,,,,,,,,,,,,,,,,,,,,,,,,,,,,,,,,,,,,,
"(171, 142)",,,,,,,,,,,,,,,,,,,,,,,,,,,,,,,,,,,,,,,,,,,,,,,,,,,,,,,,,,,,,,,,,,,,,,,,,,,,,,,,,,,,
"(182, 148)","(195, 126)","(147, 81)","(62, 101)","(200, 75)","(43, 74)","(88, 19)","(77, 30)","(159, 20)",,,,,,,,,,,,,,,,,,,,,,,,,,,,,,,,,,,,,,,,,,,,,,,,,,,,,,,,,,,,,,,,,,,,,,,,,,,,
"(137, 185)","(137, 172)","(129, 167)","(140, 165)","(80, 163)","(173, 144)","(164, 145)","(141, 126)","(202, 125)","(98, 124)","(184, 122)","(116, 117)","(68, 114)","(162, 115)","(138, 110)","(220, 99)","(186, 102)","(96, 97)","(86, 93)","(179, 91)","(211, 80)","(233, 80)","(105, 69)","(128, 63)","(222, 59)","(59, 55)","(218, 55)","(121, 45)","(215, 46)","(222, 37)","(94, 28)","(82, 13)","(65, 18)",,,,,,,,,,,,,,,,,,,,,,,,,,,,,,,,,,,,,,,,,,,,,,,,,,,,
"(147, 182)","(39, 162)","(259, 141)","(194, 127)","(211, 92)","(49, 92)","(239, 109)","(140, 89)","(254, 102)","(98, 89)","(163, 52)","(139, 48)","(105, 44)",,,,,,,,,,,,,,,,,,,,,,,,,,,,,,,,,,,,,,,,,,,,,,,,,,,,,,,,,,,,,,,,,,,,,,,,
"(131, 156)","(224, 184)","(238, 175)","(249, 154)","(251, 106)","(100, 112)","(175, 105)","(132, 69)","(167, 29)",,,,,,,,,,,,,,,,,,,,,,,,,,,,,,,,,,,,,,,,,,,,,,,,,,,,,,,,,,,,,,,,,,,,,,,,,,,,
"(227, 126)","(108, 125)","(72, 104)","(250, 103)","(77, 69)","(252, 49)","(150, 61)","(44, 51)","(66, 34)","(151, 34)","(234, 30)","(32, 25)","(116, 21)","(94, 21)","(183, 19)","(240, 14)","(45, 6)","(105, 3)",,,,,,,,,,,,,,,,,,,,,,,,,,,,,,,,,,,,,,,,,,,,,,,,,,,,,,,,,,,,,,,,,,,
"(100, 182)","(126, 172)","(89, 171)","(167, 141)","(183, 122)","(218, 100)","(150, 41)",,,,,,,,,,,,,,,,,,,,,,,,,,,,,,,,,,,,,,,,,,,,,,,,,,,,,,,,,,,,,,,,,,,,,,,,,,,,,,
"(168, 159)","(89, 138)","(113, 69)","(76, 72)","(111, 7)",,,,,,,,,,,,,,,,,,,,,,,,,,,,,,,,,,,,,,,,,,,,,,,,,,,,,,,,,,,,,,,,,,,,,,,,,,,,,,,,
"(85, 102)","(217, 60)","(179, 58)","(229, 43)","(96, 30)",,,,,,,,,,,,,,,,,,,,,,,,,,,,,,,,,,,,,,,,,,,,,,,,,,,,,,,,,,,,,,,,,,,,,,,,,,,,,,,,
"(179, 183)","(182, 170)","(132, 142)","(220, 158)","(47, 114)","(84, 125)","(100, 121)","(217, 122)","(203, 99)","(145, 86)","(254, 91)","(92, 58)","(224, 78)","(174, 77)","(262, 62)","(212, 20)","(265, 22)","(4, 11)","(14, 4)","(137, 5)",,,,,,,,,,,,,,,,,,,,,,,,,,,,,,,,,,,,,,,,,,,,,,,,,,,,,,,,,,,,,,,,,
"(36, 183)","(34, 164)","(68, 166)","(46, 165)","(62, 99)","(68, 91)","(243, 69)","(62, 61)","(191, 40)","(53, 49)","(255, 32)","(220, 31)","(59, 30)","(234, 32)","(41, 31)",,,,,,,,,,,,,,,,,,,,,,,,,,,,,,,,,,,,,,,,,,,,,,,,,,,,,,,,,,,,,,,,,,,,,,
"(104, 184)","(118, 185)","(157, 184)","(191, 179)","(105, 176)","(70, 168)","(118, 164)","(207, 170)","(99, 167)","(223, 169)","(52, 165)","(141, 156)","(247, 163)","(60, 160)","(93, 159)","(241, 160)","(31, 152)","(252, 154)","(167, 153)","(104, 149)","(180, 150)","(224, 148)","(262, 148)","(198, 143)","(65, 144)","(21, 142)","(237, 140)","(267, 137)","(64, 121)","(213, 109)","(188, 112)","(229, 119)","(258, 107)","(163, 81)","(245, 105)","(33, 104)","(46, 97)","(26, 89)","(194, 91)","(67, 87)","(267, 90)","(247, 88)","(0, 85)","(231, 81)","(262, 83)","(18, 78)","(0, 77)","(245, 64)","(226, 67)","(9, 69)","(2, 63)","(9, 60)","(51, 61)","(20, 54)","(228, 51)","(47, 44)","(266, 47)","(164, 33)","(248, 26)","(168, 10)",,,,,,,,,,,,,,,,,,,,,,,,,
"(167, 145)","(176, 127)","(137, 112)","(118, 105)",,,,,,,,,,,,,,,,,,,,,,,,,,,,,,,,,,,,,,,,,,,,,,,,,,,,,,,,,,,,,,,,,,,,,,,,,,,,,,,,,
"(180, 77)",,,,,,,,,,,,,,,,,,,,,,,,,,,,,,,,,,,,,,,,,,,,,,,,,,,,,,,,,,,,,,,,,,,,,,,,,,,,,,,,,,,,
"(177, 129)","(193, 116)","(199, 62)",,,,,,,,,,,,,,,,,,,,,,,,,,,,,,,,,,,,,,,,,,,,,,,,,,,,,,,,,,,,,,,,,,,,,,,,,,,,,,,,,,
"(10, 149)","(51, 103)","(40, 64)","(54, 62)","(72, 60)","(32, 30)","(28, 9)",,,,,,,,,,,,,,,,,,,,,,,,,,,,,,,,,,,,,,,,,,,,,,,,,,,,,,,,,,,,,,,,,,,,,,,,,,,,,,
"(94, 182)","(196, 184)","(241, 152)","(267, 185)","(192, 178)","(178, 174)","(24, 170)","(163, 161)","(190, 170)","(221, 167)","(236, 170)","(92, 161)","(133, 159)","(266, 159)","(22, 158)","(68, 146)","(9, 151)","(141, 151)","(213, 146)","(122, 137)","(169, 137)","(143, 136)","(7, 131)","(263, 135)","(79, 122)","(53, 122)","(218, 120)","(29, 115)","(128, 114)","(162, 113)","(226, 103)","(59, 110)","(91, 101)","(156, 105)","(127, 91)","(256, 82)","(258, 97)","(60, 91)","(164, 91)","(39, 79)","(218, 81)","(15, 78)","(177, 81)","(55, 76)","(137, 76)","(151, 76)","(164, 75)","(66, 61)","(218, 65)","(234, 61)","(264, 59)","(158, 57)","(175, 49)","(141, 47)","(231, 40)","(70, 11)",,,,,,,,,,,,,,,,,,,,,,,,,,,,,
"(188, 140)","(185, 84)","(47, 100)","(241, 48)","(239, 39)","(70, 26)","(28, 31)","(87, 18)","(95, 13)","(267, 6)","(253, 6)","(235, 6)",,,,,,,,,,,,,,,,,,,,,,,,,,,,,,,,,,,,,,,,,,,,,,,,,,,,,,,,,,,,,,,,,,,,,,,,,
"(72, 167)","(160, 168)","(148, 161)","(125, 135)","(92, 130)","(39, 129)","(169, 124)","(33, 93)","(66, 93)","(14, 88)","(19, 69)","(31, 48)","(34, 17)",,,,,,,,,,,,,,,,,,,,,,,,,,,,,,,,,,,,,,,,,,,,,,,,,,,,,,,,,,,,,,,,,,,,,,,,
,,,,,,,,,,,,,,,,,,,,,,,,,,,,,,,,,,,,,,,,,,,,,,,,,,,,,,,,,,,,,,,,,,,,,,,,,,,,,,,,,,,,
"(104, 116)","(199, 130)","(198, 101)","(184, 121)","(141, 82)","(131, 72)","(31, 17)",,,,,,,,,,,,,,,,,,,,,,,,,,,,,,,,,,,,,,,,,,,,,,,,,,,,,,,,,,,,,,,,,,,,,,,,,,,,,,
"(85, 171)","(167, 184)","(195, 165)","(253, 166)","(164, 86)","(53, 64)","(101, 19)","(261, 3)",,,,,,,,,,,,,,,,,,,,,,,,,,,,,,,,,,,,,,,,,,,,,,,,,,,,,,,,,,,,,,,,,,,,,,,,,,,,,
"(185, 148)","(198, 126)","(148, 81)","(62, 101)","(203, 76)","(44, 74)","(89, 19)","(78, 30)",,,,,,,,,,,,,,,,,,,,,,,,,,,,,,,,,,,,,,,,,,,,,,,,,,,,,,,,,,,,,,,,,,,,,,,,,,,,,
"(149, 182)","(40, 162)","(263, 141)","(198, 127)","(215, 92)","(50, 92)","(243, 109)","(142, 89)","(257, 101)","(100, 89)","(165, 52)","(143, 55)","(141, 48)","(107, 44)",,,,,,,,,,,,,,,,,,,,,,,,,,,,,,,,,,,,,,,,,,,,,,,,,,,,,,,,,,,,,,,,,,,,,,,
"(91, 146)",,,,,,,,,,,,,,,,,,,,,,,,,,,,,,,,,,,,,,,,,,,,,,,,,,,,,,,,,,,,,,,,,,,,,,,,,,,,,,,,,,,,
,,,,,,,,,,,,,,,,,,,,,,,,,,,,,,,,,,,,,,,,,,,,,,,,,,,,,,,,,,,,,,,,,,,,,,,,,,,,,,,,,,,,
"(104, 88)","(109, 80)",,,,,,,,,,,,,,,,,,,,,,,,,,,,,,,,,,,,,,,,,,,,,,,,,,,,,,,,,,,,,,,,,,,,,,,,,,,,,,,,,,,
"(72, 89)","(178, 54)",,,,,,,,,,,,,,,,,,,,,,,,,,,,,,,,,,,,,,,,,,,,,,,,,,,,,,,,,,,,,,,,,,,,,,,,,,,,,,,,,,,
"(64, 168)","(206, 153)","(170, 127)","(133, 82)","(47, 74)","(26, 72)","(58, 66)","(251, 59)","(84, 60)","(159, 34)","(82, 22)","(39, 11)",,,,,,,,,,,,,,,,,,,,,,,,,,,,,,,,,,,,,,,,,,,,,,,,,,,,,,,,,,,,,,,,,,,,,,,,,
"(74, 167)","(122, 147)","(52, 134)","(130, 112)","(34, 93)","(91, 105)","(99, 89)","(23, 68)","(44, 66)",,,,,,,,,,,,,,,,,,,,,,,,,,,,,,,,,,,,,,,,,,,,,,,,,,,,,,,,,,,,,,,,,,,,,,,,,,,,
"(100, 182)","(94, 146)","(221, 144)","(141, 80)","(56, 60)","(222, 54)","(101, 27)","(262, 7)","(168, 4)",,,,,,,,,,,,,,,,,,,,,,,,,,,,,,,,,,,,,,,,,,,,,,,,,,,,,,,,,,,,,,,,,,,,,,,,,,,,
"(178, 183)","(181, 170)","(132, 142)","(219, 159)","(48, 114)","(85, 126)","(100, 122)","(216, 122)","(233, 116)","(199, 109)","(144, 86)","(203, 96)","(91, 58)","(252, 90)","(222, 78)","(172, 76)","(259, 60)","(139, 62)","(207, 56)","(132, 53)","(210, 21)","(264, 22)","(8, 9)","(136, 5)",,,,,,,,,,,,,,,,,,,,,,,,,,,,,,,,,,,,,,,,,,,,,,,,,,,,,,,,,,,,,
"(156, 100)","(237, 160)","(266, 130)","(106, 111)","(37, 93)","(94, 82)","(265, 78)","(60, 24)","(13, 22)","(29, 3)",,,,,,,,,,,,,,,,,,,,,,,,,,,,,,,,,,,,,,,,,,,,,,,,,,,,,,,,,,,,,,,,,,,,,,,,,,,
"(251, 162)","(101, 138)","(183, 131)","(199, 133)","(41, 113)","(148, 100)","(124, 93)","(260, 94)","(245, 86)","(171, 70)","(121, 66)","(20, 58)","(115, 43)","(133, 46)","(35, 13)","(75, 12)","(84, 7)",,,,,,,,,,,,,,,,,,,,,,,,,,,,,,,,,,,,,,,,,,,,,,,,,,,,,,,,,,,,,,,,,,,,
"(202, 85)","(189, 80)","(132, 68)","(94, 65)","(176, 37)","(236, 34)","(228, 24)","(231, 16)","(240, 12)",,,,,,,,,,,,,,,,,,,,,,,,,,,,,,,,,,,,,,,,,,,,,,,,,,,,,,,,,,,,,,,,,,,,,,,,,,,,
"(141, 185)","(266, 184)","(128, 181)","(148, 126)","(2, 87)","(79, 70)","(236, 70)","(186, 30)",,,,,,,,,,,,,,,,,,,,,,,,,,,,,,,,,,,,,,,,,,,,,,,,,,,,,,,,,,,,,,,,,,,,,,,,,,,,,
"(161, 93)",,,,,,,,,,,,,,,,,,,,,,,,,,,,,,,,,,,,,,,,,,,,,,,,,,,,,,,,,,,,,,,,,,,,,,,,,,,,,,,,,,,,
"(95, 182)","(198, 181)","(247, 152)","(23, 170)","(167, 161)","(195, 169)","(227, 167)","(93, 161)","(137, 158)","(68, 146)","(7, 151)","(210, 154)","(219, 146)","(124, 138)","(172, 137)","(146, 136)","(220, 136)","(5, 132)","(265, 133)","(64, 132)","(79, 122)","(53, 121)","(223, 121)","(27, 115)","(131, 114)","(165, 114)","(248, 92)","(59, 110)","(92, 101)","(55, 103)","(159, 105)","(254, 103)","(129, 91)","(60, 91)","(168, 90)","(224, 81)","(38, 79)","(14, 78)","(181, 81)","(55, 75)","(148, 76)","(168, 75)","(224, 65)","(241, 61)","(67, 61)","(162, 56)","(268, 59)","(144, 48)","(179, 49)","(238, 40)","(71, 11)",,,,,,,,,,,,,,,,,,,,,,,,,,,,,,,,,,
"(67, 150)","(104, 81)","(203, 69)","(14, 77)","(162, 13)",,,,,,,,,,,,,,,,,,,,,,,,,,,,,,,,,,,,,,,,,,,,,,,,,,,,,,,,,,,,,,,,,,,,,,,,,,,,,,,,
"(167, 108)","(221, 92)","(122, 59)","(204, 54)",,,,,,,,,,,,,,,,,,,,,,,,,,,,,,,,,,,,,,,,,,,,,,,,,,,,,,,,,,,,,,,,,,,,,,,,,,,,,,,,,
"(138, 139)",,,,,,,,,,,,,,,,,,,,,,,,,,,,,,,,,,,,,,,,,,,,,,,,,,,,,,,,,,,,,,,,,,,,,,,,,,,,,,,,,,,,
"(163, 158)","(180, 119)","(131, 102)","(88, 65)","(174, 75)","(267, 71)",,,,,,,,,,,,,,,,,,,,,,,,,,,,,,,,,,,,,,,,,,,,,,,,,,,,,,,,,,,,,,,,,,,,,,,,,,,,,,,
"(67, 89)","(175, 54)",,,,,,,,,,,,,,,,,,,,,,,,,,,,,,,,,,,,,,,,,,,,,,,,,,,,,,,,,,,,,,,,,,,,,,,,,,,,,,,,,,,
"(207, 183)","(84, 165)","(244, 159)","(196, 154)","(236, 145)","(180, 139)","(130, 66)","(65, 90)",,,,,,,,,,,,,,,,,,,,,,,,,,,,,,,,,,,,,,,,,,,,,,,,,,,,,,,,,,,,,,,,,,,,,,,,,,,,,
"(65, 168)","(209, 153)","(173, 128)","(140, 124)","(136, 82)","(144, 72)","(31, 72)","(54, 66)","(255, 59)","(86, 60)","(162, 34)","(78, 22)","(40, 11)",,,,,,,,,,,,,,,,,,,,,,,,,,,,,,,,,,,,,,,,,,,,,,,,,,,,,,,,,,,,,,,,,,,,,,,,
"(91, 183)","(84, 146)","(218, 144)","(133, 80)","(43, 60)","(220, 54)","(91, 28)","(261, 6)","(161, 3)",,,,,,,,,,,,,,,,,,,,,,,,,,,,,,,,,,,,,,,,,,,,,,,,,,,,,,,,,,,,,,,,,,,,,,,,,,,,
"(188, 145)","(189, 115)","(129, 105)","(78, 103)","(111, 98)","(195, 90)","(128, 68)",,,,,,,,,,,,,,,,,,,,,,,,,,,,,,,,,,,,,,,,,,,,,,,,,,,,,,,,,,,,,,,,,,,,,,,,,,,,,,
"(79, 167)","(130, 147)","(56, 134)","(139, 112)","(36, 93)","(97, 105)","(105, 89)","(30, 67)",,,,,,,,,,,,,,,,,,,,,,,,,,,,,,,,,,,,,,,,,,,,,,,,,,,,,,,,,,,,,,,,,,,,,,,,,,,,,
,,,,,,,,,,,,,,,,,,,,,,,,,,,,,,,,,,,,,,,,,,,,,,,,,,,,,,,,,,,,,,,,,,,,,,,,,,,,,,,,,,,,
"(267, 184)","(183, 132)","(199, 130)","(43, 113)","(125, 93)","(255, 94)","(116, 94)","(170, 70)","(121, 66)","(134, 45)","(115, 43)","(39, 14)","(82, 9)",,,,,,,,,,,,,,,,,,,,,,,,,,,,,,,,,,,,,,,,,,,,,,,,,,,,,,,,,,,,,,,,,,,,,,,,
"(79, 150)","(126, 81)","(242, 70)","(12, 80)","(199, 13)",,,,,,,,,,,,,,,,,,,,,,,,,,,,,,,,,,,,,,,,,,,,,,,,,,,,,,,,,,,,,,,,,,,,,,,,,,,,,,,,
,,,,,,,,,,,,,,,,,,,,,,,,,,,,,,,,,,,,,,,,,,,,,,,,,,,,,,,,,,,,,,,,,,,,,,,,,,,,,,,,,,,,
"(175, 159)","(197, 119)","(135, 102)","(81, 65)","(190, 75)",,,,,,,,,,,,,,,,,,,,,,,,,,,,,,,,,,,,,,,,,,,,,,,,,,,,,,,,,,,,,,,,,,,,,,,,,,,,,,,,
"(230, 178)","(146, 91)",,,,,,,,,,,,,,,,,,,,,,,,,,,,,,,,,,,,,,,,,,,,,,,,,,,,,,,,,,,,,,,,,,,,,,,,,,,,,,,,,,,
"(166, 152)","(170, 147)","(140, 129)","(181, 122)","(143, 114)","(184, 87)","(162, 70)","(167, 64)","(162, 59)","(152, 47)","(149, 34)",,,,,,,,,,,,,,,,,,,,,,,,,,,,,,,,,,,,,,,,,,,,,,,,,,,,,,,,,,,,,,,,,,,,,,,,,,
"(167, 172)","(135, 169)","(123, 150)","(91, 141)","(49, 124)","(165, 128)","(157, 109)","(148, 102)",,,,,,,,,,,,,,,,,,,,,,,,,,,,,,,,,,,,,,,,,,,,,,,,,,,,,,,,,,,,,,,,,,,,,,,,,,,,,
"(155, 184)","(168, 181)","(115, 162)","(266, 158)","(197, 151)","(237, 144)","(168, 142)","(10, 133)","(253, 125)","(80, 119)","(208, 122)","(123, 115)","(155, 110)","(199, 109)","(227, 101)","(200, 99)","(36, 86)","(6, 78)","(206, 84)","(236, 78)","(6, 50)","(36, 45)","(1, 32)","(181, 22)","(152, 5)",,,,,,,,,,,,,,,,,,,,,,,,,,,,,,,,,,,,,,,,,,,,,,,,,,,,,,,,,,,,
"(108, 173)","(86, 177)","(137, 166)","(141, 158)","(118, 150)","(133, 151)","(142, 150)","(127, 121)",,,,,,,,,,,,,,,,,,,,,,,,,,,,,,,,,,,,,,,,,,,,,,,,,,,,,,,,,,,,,,,,,,,,,,,,,,,,,
,,,,,,,,,,,,,,,,,,,,,,,,,,,,,,,,,,,,,,,,,,,,,,,,,,,,,,,,,,,,,,,,,,,,,,,,,,,,,,,,,,,,
"(198, 184)","(209, 184)","(245, 159)","(197, 155)","(237, 145)","(182, 139)","(132, 66)","(135, 112)","(68, 90)",,,,,,,,,,,,,,,,,,,,,,,,,,,,,,,,,,,,,,,,,,,,,,,,,,,,,,,,,,,,,,,,,,,,,,,,,,,,
,,,,,,,,,,,,,,,,,,,,,,,,,,,,,,,,,,,,,,,,,,,,,,,,,,,,,,,,,,,,,,,,,,,,,,,,,,,,,,,,,,,,
"(84, 160)","(152, 161)","(113, 155)","(141, 152)","(83, 137)","(97, 139)","(144, 137)","(80, 123)","(90, 125)","(191, 126)","(55, 119)","(185, 122)","(210, 117)","(162, 111)","(108, 106)","(82, 98)","(254, 93)","(55, 80)","(226, 72)","(213, 61)","(191, 47)","(145, 42)",,,,,,,,,,,,,,,,,,,,,,,,,,,,,,,,,,,,,,,,,,,,,,,,,,,,,,,,,,,,,,,
"(184, 164)","(191, 151)","(146, 114)","(187, 112)","(162, 99)","(196, 86)","(183, 82)","(140, 80)","(154, 81)","(163, 80)","(171, 73)","(188, 73)","(131, 69)","(161, 66)","(92, 59)","(105, 58)","(116, 49)","(180, 44)","(198, 36)","(211, 33)","(219, 28)","(131, 27)","(194, 23)","(180, 14)","(187, 19)","(142, 11)","(169, 3)","(255, 2)",,,,,,,,,,,,,,,,,,,,,,,,,,,,,,,,,,,,,,,,,,,,,,,,,,,,,,,,,
"(49, 185)","(246, 184)","(247, 174)","(64, 162)","(70, 157)","(246, 157)","(14, 153)","(39, 151)","(74, 149)","(94, 145)","(103, 140)","(226, 139)","(254, 136)","(246, 126)","(75, 122)","(17, 115)","(266, 119)","(33, 116)","(237, 117)","(85, 111)","(220, 110)","(45, 108)","(233, 107)","(28, 101)","(83, 101)","(56, 99)","(248, 88)","(89, 81)","(51, 77)","(40, 70)","(80, 67)","(73, 65)","(236, 63)","(267, 58)","(238, 44)","(266, 42)","(26, 37)","(226, 37)","(210, 35)","(68, 30)","(53, 29)","(239, 17)",,,,,,,,,,,,,,,,,,,,,,,,,,,,,,,,,,,,,,,,,,,
"(104, 172)","(136, 166)","(153, 162)","(153, 156)","(118, 149)","(136, 151)","(127, 121)",,,,,,,,,,,,,,,,,,,,,,,,,,,,,,,,,,,,,,,,,,,,,,,,,,,,,,,,,,,,,,,,,,,,,,,,,,,,,,
,,,,,,,,,,,,,,,,,,,,,,,,,,,,,,,,,,,,,,,,,,,,,,,,,,,,,,,,,,,,,,,,,,,,,,,,,,,,,,,,,,,,
,,,,,,,,,,,,,,,,,,,,,,,,,,,,,,,,,,,,,,,,,,,,,,,,,,,,,,,,,,,,,,,,,,,,,,,,,,,,,,,,,,,,
"(49, 185)","(246, 184)","(247, 174)","(64, 162)","(70, 157)","(246, 157)","(14, 153)","(39, 151)","(74, 149)","(94, 145)","(103, 140)","(226, 139)","(254, 136)","(246, 126)","(75, 122)","(17, 115)","(266, 119)","(33, 116)","(237, 117)","(85, 111)","(220, 110)","(45, 108)","(233, 107)","(28, 101)","(83, 101)","(56, 99)","(248, 88)","(89, 81)","(51, 77)","(40, 70)","(80, 67)","(73, 65)","(236, 63)","(267, 58)","(238, 44)","(266, 42)","(26, 37)","(226, 37)","(210, 35)","(68, 30)","(53, 29)","(239, 17)",,,,,,,,,,,,,,,,,,,,,,,,,,,,,,,,,,,,,,,,,,,
,,,,,,,,,,,,,,,,,,,,,,,,,,,,,,,,,,,,,,,,,,,,,,,,,,,,,,,,,,,,,,,,,,,,,,,,,,,,,,,,,,,,
,,,,,,,,,,,,,,,,,,,,,,,,,,,,,,,,,,,,,,,,,,,,,,,,,,,,,,,,,,,,,,,,,,,,,,,,,,,,,,,,,,,,
